No. Urut,NIS,Nama Lengkap,L/P,Kelas,Kelas ID,Tingkat ID
1,181911335,ADLY RENADI RAKSANAGARA,L,XI MIPA 1,11,28
2,171810001,ADRI FATHUDIEN,L,XI MIPA 1,11,28
3,171810002,ALWAN MUHAMMAD,L,XI MIPA 1,11,28
4,171810003,ALYSSA RASYA ADZHANI PUJIASMORO,P,XI MIPA 1,11,28
5,171810004,AMALIA SALIMA,P,XI MIPA 1,11,28
6,171810005,AMELIA NAFISAH RAHMA,P,XI MIPA 1,11,28
7,171810006,ANGGARA YACA C,P,XI MIPA 1,11,28
8,171810007,ANNISA EKA WULANDARI,P,XI MIPA 1,11,28
9,171810008,AUFA NUR HIDAYAH,P,XI MIPA 1,11,28
10,181911336,FARREL DEFANDI AZHAR,L,XI MIPA 1,11,28
11,171810009,GALUH DILLA NIRMALA,P,XI MIPA 1,11,28
12,171810333,GANTIRA BRATAKUSUMAH,L,XI MIPA 1,11,28
13,171810010,I GEDE ARYA RADITYA P,L,XI MIPA 1,11,28
14,171810011,JANIFA AFIDIKA ,P,XI MIPA 1,11,28
15,171810334,JUAN AGIEL MACHFUDDI SILIE,L,XI MIPA 1,11,28
16,171810012,KARIN ASTRID WIBOWO,P,XI MIPA 1,11,28
17,171810013,KEISHA AMANNA JOHAN,P,XI MIPA 1,11,28
18,171810014,MAHIRA FARRAH TAHANI,P,XI MIPA 1,11,28
19,171810015,MARISKA TIARA ADISTY,P,XI MIPA 1,11,28
20,171810016,MUHAMAD ILYASA PRAMADWIPUTRA,L,XI MIPA 1,11,28
21,171810017,NAJLA MUTIARI ZALFA,P,XI MIPA 1,11,28
22,171810018,NUR RIZKI MUZAKKI,L,XI MIPA 1,11,28
23,171810019,RADITYA MAULANA AKBAR,L,XI MIPA 1,11,28
24,171810020,RATU MIRA AZALIA NURRAHMAH ,P,XI MIPA 1,11,28
25,171810021,RAYHAN KINAN MUHANNAD,L,XI MIPA 1,11,28
26,171810022,SALSABILA ZAHRA,P,XI MIPA 1,11,28
27,181911337,SANIA DIBA AQILA,P,XI MIPA 1,11,28
28,171810023,SORAYA FAIZAH,P,XI MIPA 1,11,28
29,171810024,STEFANY SHELA AMANDA,P,XI MIPA 1,11,28
30,171810025,VIOLET VIANCA DHIA,P,XI MIPA 1,11,28
31,171810026,VIRGI FAZA,P,XI MIPA 1,11,28
32,171810027,ZACHARY ADAM HIDAYAT,L,XI MIPA 1,11,28
33,171810028,ZAHRA ZHAFIRA ,P,XI MIPA 1,11,28
34,171810029,ZAHRANI QOLBI KHAIRUNNISA,P,XI MIPA 1,11,28
35,171810030,ZHAFARINA HAZHIYAH,P,XI MIPA 1,11,28
1,171810031,ADAM BAGUS WIRAWAN,L,XI MIPA 2,12,28
2,171810032,AGUNG PUTRI MAYASARI BHASKARA,P,XI MIPA 2,12,28
3,171810033,AIRA THALCA AVILA PUTRA,L,XI MIPA 2,12,28
4,171810335,ANAIS AYU,P,XI MIPA 2,12,28
5,181911338,AUZAN IZZATURRAHMAN,L,XI MIPA 2,12,28
6,171810336,AZHAR ILHAMI RAHMAN,L,XI MIPA 2,12,28
7,171810034,CASEY BRENARIZKITA,P,XI MIPA 2,12,28
8,171810035,DECINTA NAJLA PUTRI,P,XI MIPA 2,12,28
9,171810337,DHAFIN KANAF KUSTIAWAN,L,XI MIPA 2,12,28
10,171810036,DINA DWI KINANTY,P,XI MIPA 2,12,28
11,171810037,FATHIR AHSAN,L,XI MIPA 2,12,28
12,171810038,FAWWAZTI RASENDRIA,P,XI MIPA 2,12,28
13,171810039,KARIN HANASYANILA SALMA,P,XI MIPA 2,12,28
14,171810040,MARTIN WIRAJATI SIMANJUNTAK,L,XI MIPA 2,12,28
15,171810041,MICHAEL ADIGREACE,L,XI MIPA 2,12,28
16,171810042,MIKHAIL HAIDAR,L,XI MIPA 2,12,28
17,171810043,MUHAMAD FIKRI NUROHMAN,L,XI MIPA 2,12,28
18,171810044,MUHAMMAD NAUFAL MUFIDDIN,L,XI MIPA 2,12,28
19,171810045,MUHAMMAD NUR IHSAN EFFENDI,L,XI MIPA 2,12,28
20,171810046,MUHAMMAD RAFID ARIA KHALFANI,L,XI MIPA 2,12,28
21,171810047,MUHAMMAD ZIDAN FADLILAH RAHARJA,L,XI MIPA 2,12,28
22,171810048,NADILLA ZULFA HUWAIDA,P,XI MIPA 2,12,28
23,181911339,NADJA TSABITA,P,XI MIPA 2,12,28
24,171810049,NAURA THUFAILA FITRI ANGGIANI,P,XI MIPA 2,12,28
25,171810050,NICOLAS IRGY ADRYAN,L,XI MIPA 2,12,28
26,171810051,NISRINA PUTRI RIANTO,P,XI MIPA 2,12,28
27,171810052,NOVIANTY KUSUMAWARDANI ,P,XI MIPA 2,12,28
28,171810053,RADEN SHAFIYYAH AATHIFAH SONYA,P,XI MIPA 2,12,28
29,171810054,RIZALDHY QUNTASYAH PURADIMADJA,L,XI MIPA 2,12,28
30,171810055,TIANA PERMAWATI,P,XI MIPA 2,12,28
31,171810056,WAN FAIRUZ ARKAN HIBATULLAH ,L,XI MIPA 2,12,28
32,171810057,WIDYANA KHOERUNNISA,P,XI MIPA 2,12,28
33,171810058,YASMIN HAIFA MUTASHIM DWIPUTRI,P,XI MIPA 2,12,28
34,171810059,ZIDANE MUHAMMAD ALFARISI,L,XI MIPA 2,12,28
1,171810060,ABYAN FAKHRI,L,XI MIPA 3,13,28
2,171810061,ALEXA RIECANTIK ISKANDARSJAH,P,XI MIPA 3,13,28
3,171810062,ALFONSUS ARYO SUNU BAKTI,L,XI MIPA 3,13,28
4,171810063,ALIYA SEKAR PRIMA,P,XI MIPA 3,13,28
5,171810064,ALVITO AHMAD CANNAVARO IDHAM,L,XI MIPA 3,13,28
6,171810065,ALYA AZZAHRA WIDYANINGAYU,P,XI MIPA 3,13,28
7,171810066,AMANDA CHRISTYARTI WIRDYATMI,P,XI MIPA 3,13,28
8,171810067,ANANDA PUTRI AFIFA,P,XI MIPA 3,13,28
9,171810338,AURELIA FELISHA JEROME TAMPUBOLON,P,XI MIPA 3,13,28
10,171810068,AVIEDA RACHMA,P,XI MIPA 3,13,28
11,171810069,DAFFA ZAHID FARTURRACHMAN,L,XI MIPA 3,13,28
12,171810071,GIAN GIDEON,L,XI MIPA 3,13,28
13,171810072,HAFIZ RIFANDA YOZARNO,L,XI MIPA 3,13,28
14,171810073,HASYA ARWA AINAYYA,P,XI MIPA 3,13,28
15,171810074,IMALA ASKANIA FAZA,P,XI MIPA 3,13,28
16,171810075,IRGI ARYA PRIYAMBODO,L,XI MIPA 3,13,28
17,171810076,KINANTI MARYAM JAMILAH ,P,XI MIPA 3,13,28
18,171810077,LUQMAN ARDISENO,L,XI MIPA 3,13,28
19,171810078,MARCHOTRIDYO,L,XI MIPA 3,13,28
20,171810079,MOHAMAD FADHLAN MIFTAH FIRDAUS,L,XI MIPA 3,13,28
21,171810080,MUHAMMAD FATHAN HIDAYAT,L,XI MIPA 3,13,28
22,171810081,NUR'ADILAH FIRDAUS,P,XI MIPA 3,13,28
23,171810082,PUSPA CHANDRA KUSUMA,P,XI MIPA 3,13,28
24,171810083,RADITYA ARIA ZHAFARI,L,XI MIPA 3,13,28
25,161710308,RATNA NUR ALIFYA TAUFIK,P,XI MIPA 3,13,28
26,171810084,SAFINA PRATIWI PUTRI,P,XI MIPA 3,13,28
27,171810085,SHOFI AFGHANIA USAMAH,P,XI MIPA 3,13,28
28,171810086,SULTAN JUMHUR,L,XI MIPA 3,13,28
29,171810339,TASYA RIZKI AWALLIA,P,XI MIPA 3,13,28
30,171810087,VIVALDI AHMAD SETIADI,L,XI MIPA 3,13,28
31,171810088,ZHAFIRA FARAH SABRINA,P,XI MIPA 3,13,28
32,171810089,ZHILLAN ATTARIZAL REZYARIFIN,L,XI MIPA 3,13,28
1,171810090,ACHMAD DINAND WIDHIANTO,L,XI MIPA 4,14,28
2,171810091,ADILA RILDOVA,P,XI MIPA 4,14,28
3,181911340,ADRISTI WIDYA ARSANTI,P,XI MIPA 4,14,28
4,171810092,AINA KIANI LYSANDE,P,XI MIPA 4,14,28
5,171810093,CHARISHMA ALLYDA NAJIB,P,XI MIPA 4,14,28
6,171810094,DHINDA SAUSAN FAIRUZ QONSA,P,XI MIPA 4,14,28
7,171810095,DWIKI ANANDA CLASSIRIO,L,XI MIPA 4,14,28
8,171810096,DZAR ARIF MAULANA ISMAIL,L,XI MIPA 4,14,28
9,171810097,FARADILA AZZAHRA ANWAR,P,XI MIPA 4,14,28
10,171810098,FAWAZ AMAJIDA,L,XI MIPA 4,14,28
11,171810340,GIOVANNI ANGELIE LUDWINIA,P,XI MIPA 4,14,28
12,171810100,LAILATUL MUFARROHA ,P,XI MIPA 4,14,28
13,171810102,MEISTRA RIZKIA MAULIDINA,P,XI MIPA 4,14,28
14,171810103,MOCHAMAD FADLAN ADHARI,L,XI MIPA 4,14,28
15,171810104,MUHAMMAD FADHLAN SOLIHAN,L,XI MIPA 4,14,28
16,171810105,MUHAMMAD GAREBALDHIE ER RAHMAN,L,XI MIPA 4,14,28
17,171810106,MUHAMMAD ZAKI DZUNURAIN,L,XI MIPA 4,14,28
18,171810107,MUKHAMAD RIDWAN,L,XI MIPA 4,14,28
19,171810108,NADHIRA AZZAHRA,P,XI MIPA 4,14,28
20,171810109,NAFISA TAHAR VINAYA,P,XI MIPA 4,14,28
21,171810110,NIFELA SAKINA,P,XI MIPA 4,14,28
22,171810111,PUTRI FAZA FADILLAH,P,XI MIPA 4,14,28
23,171810112,RADEN RORO ATHAYA ZAHIRA SALIMAR,P,XI MIPA 4,14,28
24,171810341,REKSO ADI MAKAYASA,L,XI MIPA 4,14,28
25,171810113,RENNA AMELIA SELVIANA,P,XI MIPA 4,14,28
26,171810114,SABRINA DIVA RASIDA,P,XI MIPA 4,14,28
27,171810115,SEKAR ARIANE MAHARANI,P,XI MIPA 4,14,28
28,171810342,SESPIANA RAMADHINA HARLITO,P,XI MIPA 4,14,28
29,171810343,SHAFIRA AUDY PRAMESWARI,P,XI MIPA 4,14,28
30,171810116,SHAFIRA NADIFA,P,XI MIPA 4,14,28
31,171810117,SITI NADYA KHAIRUNISSA ALAMSYAH,P,XI MIPA 4,14,28
32,171810118,SYIFA INDIRA KHAIRUNNISA,P,XI MIPA 4,14,28
33,171810119,VIRA NURUL SAYIDAH,P,XI MIPA 4,14,28
34,171810120,YUSUF FARHAN,L,XI MIPA 4,14,28
1,171810121,ADITYA DWI WIRASENA,L,XI MIPA 5,15,28
2,171810122,ALYFA SITI AULIA SYAPUTRI,P,XI MIPA 5,15,28
3,171810123,ANDREAS NIKO SANTHONY,L,XI MIPA 5,15,28
4,171810124,ANINDITYA ZAHIRA WIDYANTI,P,XI MIPA 5,15,28
5,171810125,ANNISA RAMADINA SHOLIHAH,P,XI MIPA 5,15,28
6,171810126,ARYA MEGANANDA GANESHA WIDODO,L,XI MIPA 5,15,28
7,171810127,ASENA TRIBANYU BEGAWAN,L,XI MIPA 5,15,28
8,181911341,AULIYA KARIMA,P,XI MIPA 5,15,28
9,171810128,BARRON KEMBARA,L,XI MIPA 5,15,28
10,171810129,FAHMI IBRAHIM,L,XI MIPA 5,15,28
11,171810130,FARROS NABIL FADLURRAHMAN,L,XI MIPA 5,15,28
12,171810344,FARSYA TSABITA ALHAQ,P,XI MIPA 5,15,28
13,171810131,FAUZAN WIDIARGA,L,XI MIPA 5,15,28
14,171810132,GEVA ALMER HARIRI,L,XI MIPA 5,15,28
15,171810133,HANIFA AULIA QUROTAAYUN,P,XI MIPA 5,15,28
16,171810134,KINANTI ARUMSARI SUBRATA,P,XI MIPA 5,15,28
17,171810345,M. RAFJASAH DAMARAN QADAR,L,XI MIPA 5,15,28
18,171810135,MUHAMMAD RIZHA WILDANI ,L,XI MIPA 5,15,28
19,171810136,MUSTIKA AYU UTAMIE,P,XI MIPA 5,15,28
20,171810137,NARISHA AULIA PUTRI NURJAMAN,P,XI MIPA 5,15,28
21,171810138,NAURA ZAHRA KHAIRUNNISA,P,XI MIPA 5,15,28
22,171810140,QONITATUR RASYIDAH,P,XI MIPA 5,15,28
23,171810141,RADEN RORO ZAKIAH DIVA WISNU PUTRI,P,XI MIPA 5,15,28
24,171810142,RIFDAH FAWWAZ ZHAFIRAH KUNIA,P,XI MIPA 5,15,28
25,171810143,RUMONDANG JONACHYNTIA AGUSTIN S,P,XI MIPA 5,15,28
26,181911342,SAFIRA NIDA KHOFYAN,P,XI MIPA 5,15,28
27,171810144,SHALMA OCTAVINA KURNIA,P,XI MIPA 5,15,28
28,171810145,SYAFIQA PUTRI LIANA,P,XI MIPA 5,15,28
29,181911343,TEDDY TRIADI MANGIWA,L,XI MIPA 5,15,28
30,171810146,TOGA BONOR,L,XI MIPA 5,15,28
31,171810147,YANUAR SANO NUR RASYID,L,XI MIPA 5,15,28
32,171810148,ZAHRAN RA'IF AGUSTIARA,L,XI MIPA 5,15,28
33,171810346,ZIKAILLAH CINTA DIRAMIA,P,XI MIPA 5,15,28
1,171810149,ACHMAD MOERSYID SOEJIWO,L,XI MIPA 6,16,28
2,171810150,AKMAL ZAKIE YOGASMANA,L,XI MIPA 6,16,28
3,171810151,ALFINA FUJI DWI LESTARI,P,XI MIPA 6,16,28
4,171810152,AMARA ADINDA AYU,P,XI MIPA 6,16,28
5,171810153,ASRI NUR HANIFAH ,P,XI MIPA 6,16,28
6,171810347,AUFA PUTRI HAMMANTYO,P,XI MIPA 6,16,28
7,171810154,CHRISTIAN PANCA JUNIANTO,L,XI MIPA 6,16,28
8,171810155,CYNTHIA PARAMESWARI,P,XI MIPA 6,16,28
9,171810156,FAZA ATHIFAH RAZANI,P,XI MIPA 6,16,28
10,171810157,FENY AYU CISILIA,P,XI MIPA 6,16,28
11,171810158,FIGLIA SOPHIA AZZAHRA HANDIMAN,P,XI MIPA 6,16,28
12,171810159,FITYA DEVINDRA ADARA,P,XI MIPA 6,16,28
13,181911344,GILBERT RIGANO CILLY IMANUEL,L,XI MIPA 6,16,28
14,171810160,HELENA MARGARETH ANGELICA SIAGIAN,P,XI MIPA 6,16,28
15,171810161,ILHAM BINTANG NURMANSYAH,L,XI MIPA 6,16,28
16,171810162,KAYLA SALSABILA WIMBANU,P,XI MIPA 6,16,28
17,171810163,KIYASATI PUTRI KURNIASIH,P,XI MIPA 6,16,28
18,171810164,MAHYANA MAIRUBI KENCANA,P,XI MIPA 6,16,28
19,171810165,MUHAMAD FARIZ RAMADHAN,L,XI MIPA 6,16,28
20,171810166,MUHAMAD RIFQI ADIGUNA,L,XI MIPA 6,16,28
21,171810167,MUHAMMAD FAEZA SUPRIADI,L,XI MIPA 6,16,28
22,171810168,MUHAMMAD FARHAN OKTAVIYAN PUTRA ,L,XI MIPA 6,16,28
23,181911345,MUHAMMAD NABIL PRATAMA,L,XI MIPA 6,16,28
24,171810169,MUTHIA NAILA PUTRI YUDIA,P,XI MIPA 6,16,28
25,171810170,NADIRA NATANIA INDRAYANTO,P,XI MIPA 6,16,28
26,171810171,NURSYIFA AKMALIA,P,XI MIPA 6,16,28
27,171810172,RADEN FATHIA NURUL FADHILAH SUMADINATA,P,XI MIPA 6,16,28
28,171810173,RAKA WIRABUANA NINAGAN,L,XI MIPA 6,16,28
29,171810230,SASKIA CLARANNISA,P,XI MIPA 6,16,28
30,171810348,SHABRINA PUTRI FITRIANI,P,XI MIPA 6,16,28
31,171810174,SYIFA SAVIRA MULYANA,P,XI MIPA 6,16,28
32,171810175,TIARA NADITA,P,XI MIPA 6,16,28
33,171810176,YASMINE ALIYAH GARINANDA,P,XI MIPA 6,16,28
1,171810177,ADILA RAHMI KAMILAH,P,XI MIPA 7,17,28
2,171810178,AJAY,L,XI MIPA 7,17,28
3,171810179,ALDA GRACIA HEPTANA,P,XI MIPA 7,17,28
4,171810180,ALICIA ELENA JASMINE,P,XI MIPA 7,17,28
5,171810181,ALITHA ZULFA AZZAHRA,P,XI MIPA 7,17,28
6,171810182,ANANDA FARHAN RAIHANDRA,L,XI MIPA 7,17,28
7,171810183,AULIA MUTIARA SUKMA,P,XI MIPA 7,17,28
8,171810184,AZHAR MAULANA,L,XI MIPA 7,17,28
9,171810185,DEBORA RUMONDANG BINTANG PANJAITAN,P,XI MIPA 7,17,28
10,171810186,DIANI PRATIWI SAFITRI,P,XI MIPA 7,17,28
11,171810187,DWIKAVINDRA HARYO RADITHYA,L,XI MIPA 7,17,28
12,171810188,FARIS MUHANNAD LUTHFI,L,XI MIPA 7,17,28
13,171810189,FIANDRA RATNA KESUMA,P,XI MIPA 7,17,28
14,171810349,GALAN GAHARA TRIGUNA RODING,L,XI MIPA 7,17,28
15,171810190,HANA ALYA FADHILA,P,XI MIPA 7,17,28
16,181911346,IRBAH ASFARINA,P,XI MIPA 7,17,28
17,171810191,JEANNY KARTIKA PUSPA ROSEWATY,P,XI MIPA 7,17,28
18,171810192,KAILA ZAHRA NANDIKA,P,XI MIPA 7,17,28
19,171810193,KAYLA FAISAL,P,XI MIPA 7,17,28
20,171810194,LEONITA GITI AQILA,P,XI MIPA 7,17,28
21,171810195,MUHAMMAD IBRAHIM AZIZ,L,XI MIPA 7,17,28
22,171810196,MUHAMMAD RAIHAN SALMAN MAULANA,L,XI MIPA 7,17,28
23,171810197,NASYA ALIYAH SAFITRI MAHARANI,P,XI MIPA 7,17,28
24,171810198,PUTRI KARIMA BESTARI,P,XI MIPA 7,17,28
25,171810350,PUTRI KHOLY NURILLAH,P,XI MIPA 7,17,28
26,181911347,RADEN APRIAN SURYA PUTRA P,L,XI MIPA 7,17,28
27,171810199,RAISSA KAYANA PUTRI,P,XI MIPA 7,17,28
28,171810200,RINO ILMAN HARINDHANA,L,XI MIPA 7,17,28
29,181911348,SALMA ALIFIA ,P,XI MIPA 7,17,28
30,171810201,SHOFI MEYSA FAATIN,P,XI MIPA 7,17,28
31,171810202,TASYA BERLIAN CITTRA FRIYANTI,P,XI MIPA 7,17,28
32,171810203,TSANA',P,XI MIPA 7,17,28
33,171810204,ZARYA SOPHIA MAZIDAH,P,XI MIPA 7,17,28
1,171810205,ADLI AHMAD RIZALDY,L,XI MIPA 8,18,28
2,171810206,AMIRA KYLANINDITA,P,XI MIPA 8,18,28
3,171810207,ANNISA MUTIARA PRILIYAN,P,XI MIPA 8,18,28
4,171810208,ARGYA HARDIYAN PRATAMA ,L,XI MIPA 8,18,28
5,171810209,ARIQ RAFI ADNANTO,L,XI MIPA 8,18,28
6,171810210,AZKA KHAIRA DALILA URFA,P,XI MIPA 8,18,28
7,171810351,BALYA BALKAN MAHYUZAR,L,XI MIPA 8,18,28
8,171810211,BIMASENA ARYA WARDHANA HAMISENO,L,XI MIPA 8,18,28
9,171810212,DANESH LASKHAR BHUANA,L,XI MIPA 8,18,28
10,171810213,DINDA MAHARANI WIDYAPUTRI,P,XI MIPA 8,18,28
11,181911349,HAYFA GHASSANI RAHMAT,P,XI MIPA 8,18,28
12,181911350,HUKMASHABIYYA ARIQ GUMILAR,L,XI MIPA 8,18,28
13,171810214,IHSAN AHMAD KAMAL,L,XI MIPA 8,18,28
14,171810215,ILHAM AZKA RAMADHAN,L,XI MIPA 8,18,28
15,171810216,ILHAM MUHAMMAD ADRIANSYAH,L,XI MIPA 8,18,28
16,171810217,JANUAR BUDI GHIFARI,L,XI MIPA 8,18,28
17,171810218,JASMINE AZIZAH,P,XI MIPA 8,18,28
18,181911351,KAYLA KANAYA BINTANG,P,XI MIPA 8,18,28
19,171810219,LINTANG MAHARANI,P,XI MIPA 8,18,28
20,171810220,LUBBA AILATI,P,XI MIPA 8,18,28
21,171810221,MEISYA NUR'ALFIANI EKA P,P,XI MIPA 8,18,28
22,171810222,MOCH.NABIL FARRAS DHIYA,L,XI MIPA 8,18,28
23,171810223,MUHAMAD RIVALDI KUSUMAWARDANA,L,XI MIPA 8,18,28
24,171810225,MUHAMMAD SILMI KAFFA,L,XI MIPA 8,18,28
25,171810226,NABILAH PUTRI BINTADYTAMA,P,XI MIPA 8,18,28
26,171810227,NANDITA YASFI NAFISAH,P,XI MIPA 8,18,28
27,171810228,NAUFAL ARIQ HABIBI,L,XI MIPA 8,18,28
28,171810229,RESHAINA DEWI AZIZAH ZAHRATULJANNAH,P,XI MIPA 8,18,28
29,181911352,SHARON KOLOSE,L,XI MIPA 8,18,28
30,171810231,TUBAGUS BARAKA KAUTSAR,L,XI MIPA 8,18,28
31,171810232,WILDAN HANIF HAFIZHUDDIN,L,XI MIPA 8,18,28
32,181911353,YOSEP PUTRA SETIYANTO,L,XI MIPA 8,18,28
33,171810233,YUSTIN MAULIDA MALIK,P,XI MIPA 8,18,28
1,171810234,AGHNIA GHASSANI KUSUMAPUTRI,P,XI MIPA 9,19,28
2,171810235,ANDINI SALSABILA PUTERI,P,XI MIPA 9,19,28
3,171810352,AUDREY PATRICIA JEROME TAMPUBOLON,P,XI MIPA 9,19,28
4,171810353,AWANDHANA ANGGI ARRIZKI,P,XI MIPA 9,19,28
5,171810236,DHAFIN IEDFAZA,L,XI MIPA 9,19,28
6,171810237,DHYNEKE PRAMITHA YUCIANA,P,XI MIPA 9,19,28
7,171810238,DIO ARYA PERMANA,L,XI MIPA 9,19,28
8,171810239,DYAH LISTYA RINI,P,XI MIPA 9,19,28
9,181911354,FAUZIAH RIFKA KHOIRUNNISA ,P,XI MIPA 9,19,28
10,181911355,GHAFIKI KEYSHA FIRDAUS,L,XI MIPA 9,19,28
11,171810242,INTAN HAFSARI,P,XI MIPA 9,19,28
12,171810243,KANIA AZZAHRA DJAJAWARDHANA,P,XI MIPA 9,19,28
13,181911356,LEANDIZ HALERI,L,XI MIPA 9,19,28
14,171810244,MOZA DESTITA PASYA,P,XI MIPA 9,19,28
15,171810245,MUHAMMAD AKMAL HAKIM,L,XI MIPA 9,19,28
16,171810246,MUHAMMAD ISMAIL IBADURRAHMAN,L,XI MIPA 9,19,28
17,171810247,MUHAMMAD RADHINAL SATRIO CAHYO NUGROHO,L,XI MIPA 9,19,28
18,171810248,NABILA TASYA AZAHRA,P,XI MIPA 9,19,28
19,171810249,NAVITA AZ ZAHRA,P,XI MIPA 9,19,28
20,171810250,QAFKA ZERRYCHO NAZMI,L,XI MIPA 9,19,28
21,171810251,RAISA MARSA,P,XI MIPA 9,19,28
22,181911357,RAMA LAKSANA JAYA PUTRA,L,XI MIPA 9,19,28
23,171810252,RD.ELVIANA LA'SALINA MUHLIS,P,XI MIPA 9,19,28
24,171810253,RESTI SAPTA OCTAVIANI,P,XI MIPA 9,19,28
25,171810254,RIA NOVALITA PRAMUDITA,P,XI MIPA 9,19,28
26,171810255,RIFKHI AKBAR PUTRA RUSTANDI,L,XI MIPA 9,19,28
27,171810256,ROBI FIRDAUS,L,XI MIPA 9,19,28
28,171810257,TABINA WAN KEDANA,P,XI MIPA 9,19,28
29,171810258,TSANIA AUFA IZZATY,P,XI MIPA 9,19,28
30,171810259,VANESSA ETTENIA,P,XI MIPA 9,19,28
31,171810260,VANIA ANNISA FADILLA,P,XI MIPA 9,19,28
32,171810261,YASMIN AULIA ZAHRA,P,XI MIPA 9,19,28
33,171810262,ZIDAN ZUHDI,L,XI MIPA 9,19,28
1,171810263,ABDUL HAFIDH RAMADHAN,L,XI IPS,20,28
2,171810264,ASTI SAKTINA PURNAMA,P,XI IPS,20,28
3,171810265,ASTRI LESTARI,P,XI IPS,20,28
4,171810266,AULIA FAHRUNNISA,P,XI IPS,20,28
5,171810267,AURA NATHA NADYA,P,XI IPS,20,28
6,171810268,FATHIMAH ATHIYA RAHMAH,P,XI IPS,20,28
7,171810099,FEODORA PUTRI HUMAIRA,P,XI IPS,20,28
8,171810269,ISTI AISYAH PUTRI,P,XI IPS,20,28
9,171810270,LARISA SAFA KIRANA,P,XI IPS,20,28
10,171810271,LUVITA RISSHAUMA F,P,XI IPS,20,28
11,171810272,MUHAMAD NAFIS SP,L,XI IPS,20,28
12,171810273,MUHAMAD RAIHAN FIRMANSYAH,L,XI IPS,20,28
13,171810274,MUHAMMAD AMINUDDIN SYAHIDULLAH,L,XI IPS,20,28
14,171810275,MUHAMMAD BAGAS ERLANGGA,L,XI IPS,20,28
15,171810276,MUHAMMAD FAJAR RAMADHAN,L,XI IPS,20,28
16,171810277,MUHAMMAD FATHAN WIRDIYAN,L,XI IPS,20,28
17,171810278,MUHAMMAD RAFI SYAFIQ RAMDHANI,L,XI IPS,20,28
18,171810279,MUHAMMAD REYHAN ,L,XI IPS,20,28
19,171810354,PRETTY AMELIA ROSA,P,XI IPS,20,28
20,171810139,PUTRI TIARA FADHILAH,P,XI IPS,20,28
21,171810280,RAY AKBAR,L,XI IPS,20,28
22,171810281,REZA AHMAD ZULFIKAR M,L,XI IPS,20,28
23,171810282,RIDWAN SIDIK,L,XI IPS,20,28
24,171810283,SETIAWATI INTAN SAFITRI,P,XI IPS,20,28
25,171810284,SHALEEMAR NANDITA LILAWANTI,P,XI IPS,20,28
26,171810285,SILVIN SILVIANI,P,XI IPS,20,28
27,171810286,VIRA YUNIAR,P,XI IPS,20,28
28,171810287,WIDYA DIANDARA ,P,XI IPS,20,28
29,171810288,YUSTAVIA DWI KAMILA,P,XI IPS,20,28
