No. Urut,NIS,Nama Lengkap,L/P,Kelas,Kelas ID,Tingkat ID
1,161710002,AFINA FIRDA ALIFIA,P,XII MIPA 1,21,46
2,161710035,AHMAD SALADIN,L,XII MIPA 1,21,46
3,161710316,ANGGUN CEMPAKA WULANDARI,P,XII MIPA 1,21,46
4,161710038,ARRAUDHA ADINDA PUTRI,P,XII MIPA 1,21,46
5,161710073,ATHALLAH RASENDRIYA,L,XII MIPA 1,21,46
6,161710005,AUDRIA HAIFA HUMAIRA,P,XII MIPA 1,21,46
7,161710006,AULIA INATSAN AJRIYA MUMTAZ,p,XII MIPA 1,21,46
8,161710109,DELA RAHMANI PUTRI,P,XII MIPA 1,21,46
9,161710289,DEWI INDAH SALSABILA,P,XII MIPA 1,21,46
10,161710008,DIVA TIARA MEGA,P,XII MIPA 1,21,46
11,161710252,FADLY MUHAMMAD BIMA PUTRA,L,XII MIPA 1,21,46
12,171811289,GHINA RAIHAN FADHILAH,P,XII MIPA 1,21,46
13,161710120,HAURA PRADHYTA BALQIS,P,XII MIPA 1,21,46
14,161710325,JUANET KHAIRUNNISA,p,XII MIPA 1,21,46
15,161711407,LINTANG SAKANTI,P,XII MIPA 1,21,46
16,161710054,MOHAMMAD ILHAM PRAYUDI,L,XII MIPA 1,21,46
17,161710056,MUHAMAD MAUJILLAH BUDIMAN,L,XII MIPA 1,21,46
18,171811290,MUHAMMAD BAYU NUGROHO ADJI,L,XII MIPA 1,21,46
19,171811291,MUHAMMAD FADHIL MUHARRAM,L,XII MIPA 1,21,46
20,161710058,MUHAMMAD JODI RAMADHAN A. P.,L,XII MIPA 1,21,46
21,161710194,MUHAMMAD RAIHAN ALIFYA,L,XII MIPA 1,21,46
22,161710303,MUHTADI IHSAN  NUGRAHA,L,XII MIPA 1,21,46
23,161710021,NABILLA DEVIANTI HARIANTO,P,XII MIPA 1,21,46
24,161710264,NAUFAL ZAIDAN NABHAN,L,XII MIPA 1,21,46
25,161710235,PUTRI ADILLA ILHAMI,P,XII MIPA 1,21,46
26,161710305,RACHMA ALLYSA VIDYA PUTRI A.,P,XII MIPA 1,21,46
27,161710334,RAZI ASHARY,L,XII MIPA 1,21,46
28,161710024,RIAZ FACHRIZAL MUZADI,L,XII MIPA 1,21,46
29,161710271,SHAN SHAN MAHENDRA SYUHADA A.,L,XII MIPA 1,21,46
30,161710067,SILIASIH RUHAMAA ASYFA,P,XII MIPA 1,21,46
31,161710272,SITI AFNA HANIFAH,P,XII MIPA 1,21,46
32,161710135,SYIHABUDDIN YAHYA,L,XII MIPA 1,21,46
33,161710169,TASYA APRILLIA EFFENDI,P,XII MIPA 1,21,46
34,161710137,WIDYA AS'SYIFA IRSA,P,XII MIPA 1,21,46
35,161710276,WILDAN LUTHFIE RIZQIANSYAH,L,XII MIPA 1,21,46
36,161710171,WULAN KUSUMA WARDANI,P,XII MIPA 1,21,46
1,161710244,ADHYASTA RIFATZIO WARDHANAWAN,L,XII MIPA 2,22,46
2,161710314,ALFATH FACHREZY FARIANZA,L,XII MIPA 2,22,46
3,151610003,ALYA ALMA MAULA,P,XII MIPA 2,22,46
4,171811292,AMIRAH HISANA ANJU ALFADHILA S.,P,XII MIPA 2,22,46
5,161710139,ANDIKA SETIADIANA PUTRA,L,XII MIPA 2,22,46
6,161710075,AYESHA NUR FADHILAH,P,XII MIPA 2,22,46
7,161710041,BRILLIANA QORINA MATIN,P,XII MIPA 2,22,46
8,161710220,DARA RIZQIA AYUDINA,P,XII MIPA 2,22,46
9,161710268,DESI RAMDANIA KUSWANDI,P,XII MIPA 2,22,46
10,161710043,FASYA ADISA RASPATI,P,XII MIPA 2,22,46
11,161710050,INDIKA ALAWIYAH FRATIWI,P,XII MIPA 2,22,46
12,161710324,IRENE TANESYA ATMADJA,P,XII MIPA 2,22,46
13,161710188,KANAYA ALSHYFA SAPUTRA,P,XII MIPA 2,22,46
14,161710092,LYVIA ASYARA SYAAF,P,XII MIPA 2,22,46
15,161710328,MARISA HILMA HUDA,P,XII MIPA 2,22,46
16,161710153,MOCHAMMAD DAFFA SEPTIANEZRA H.,L,XII MIPA 2,22,46
17,161710126,MUHAMMAD AFNAN SHAFA F.,L,XII MIPA 2,22,46
18,161710127,MUHAMMAD AIRA HASYA VIER,L,XII MIPA 2,22,46
19,161710260,MUHAMMAD FAZA DWI MULYONO,L,XII MIPA 2,22,46
20,171811293,MUHAMMAD SHIDQI FADIYA,L,XII MIPA 2,22,46
21,161710060,NATASHYA AULIA NADHIRA,P,XII MIPA 2,22,46
22,161710158,PANDU EKA BIMANTARA,L,XII MIPA 2,22,46
23,161710159,QATTRUNNADA KRITYA DHIA THUURES,P,XII MIPA 2,22,46
24,161710063,RAFDHAN DIAZ ZAHRANDIKA,L,XII MIPA 2,22,46
25,161710266,RINDU WULANDARI BACHTIAR,P,XII MIPA 2,22,46
26,161710163,RUBBEN DENOVA ROHMANA,L,XII MIPA 2,22,46
27,161710165,SALSABILA SETYOHARTONO PUTRI,P,XII MIPA 2,22,46
28,161710133,SALSABILLA ZAHRA KAULIKA F.,P,XII MIPA 2,22,46
29,161710066,SHAFA RADHITA POETRI,P,XII MIPA 2,22,46
30,161710168,SHELIA DWI UTAMI,P,XII MIPA 2,22,46
31,161710341,SPIKA VIRGINIA PULCHERIMA,P,XII MIPA 2,22,46
32,161710031,SYIFA AURELIA GARNIDA,P,XII MIPA 2,22,46
33,161710068,VANYA AMELINDA T.,P,XII MIPA 2,22,46
34,161710257,VIONA AZHARA PUTRI MIHARDJA,P,XII MIPA 2,22,46
35,161710311,ZAHRA NADZIRAH,P,XII MIPA 2,22,46
1,161710001,ABDURRASYID ALFA HUSADA,L,XII MIPA 3,23,46
2,161710208,ADHAM SANDY YUDHATAMA,L,XII MIPA 3,23,46
3,161710036,ALYA DHARMANINDA,P,XII MIPA 3,23,46
4,161710039,ARSY PRASIDYA FARHAN,L,XII MIPA 3,23,46
5,161710247,AULIA CHANDRA DEWI,P,XII MIPA 3,23,46
6,161710317,AZMY MUHAMMAD ARIFFIN,P,XII MIPA 3,23,46
7,171811294,AZZA SEKARNOVA KHAIRUNISA,P,XII MIPA 3,23,46
8,161710248,BAGAS NATHANAEL HAMONANGAN,L,XII MIPA 3,23,46
9,161710284,BRAMA BHASWARA WASI,L,XII MIPA 3,23,46
10,171811295,BRILIANTI VIDITA,P,XII MIPA 3,23,46
11,171811296,DAFA FADIYA,L,XII MIPA 3,23,46
12,161710464,DEMIRA KODRATIAH,P,XII MIPA 3,23,46
13,161710319,DIRASIELLA DAMASARI HAMDANI,P,XII MIPA 3,23,46
14,161710011,FARRAS BARRIQ ARKAN,L,XII MIPA 3,23,46
15,161710182,FAVIAN ARKAN FADILA,L,XII MIPA 3,23,46
16,161710119,GRADI JAYA SAPUTRA,L,XII MIPA 3,23,46
17,161710323,INDIKA ALEANRY PUTRA,L,XII MIPA 3,23,46
18,161710330,MUHAMMAD AKHTARIEL R. PUTRA,L,XII MIPA 3,23,46
19,161710018,MUHAMMAD HAFIDH SONI RAJABSON,L,XII MIPA 3,23,46
20,161710059,NAFISA KANIZ AZ ZAHRA,P,XII MIPA 3,23,46
21,161710130,NAUFAL AKBARI ADAM,L,XII MIPA 3,23,46
22,161710160,RADEN RORO AUDIRA PRAMITHA N.,P,XII MIPA 3,23,46
23,171811297,RAIHAN DANA,L,XII MIPA 3,23,46
24,161710265,RAIHANA ALTOF,P,XII MIPA 3,23,46
25,161710238,RAISHA AZ ZAHRA,P,XII MIPA 3,23,46
26,171811298,RAISHA NUR SEPTIANI,P,XII MIPA 3,23,46
27,161710064,RIFASYA AYUNA FAIKAR,P,XII MIPA 3,23,46
28,161710239,RIZKA NAKULO,L,XII MIPA 3,23,46
29,161710065,SAFIRA SANTOSA,P,XII MIPA 3,23,46
30,161710164,SALFIA NADHIRA,P,XII MIPA 3,23,46
31,161710269,SALSABILLA SALAF,P,XII MIPA 3,23,46
32,161710028,SHAFIRA AYUMUDITA,P,XII MIPA 3,23,46
33,171811299,SOPHIA DEWI AZ-ZAHRA,P,XII MIPA 3,23,46
34,161710345,TIMOTIUS RAFAEL,L,XII MIPA 3,23,46
35,161710033,VIENA MARSHALINDA GUSNISSA,P,XII MIPA 3,23,46
36,161710346,ZAKI ADZANI SUTRISNO,L,XII MIPA 3,23,46
1,161710175,ALYANDI RACHMADIYAN,L,XII MIPA 4,24,46
2,171811300,ANNISA RITZEE CRYSANTIA,P,XII MIPA 4,24,46
3,161710281,AQIILA SYAFIQ DHIYAA PATRIA,L,XII MIPA 4,24,46
4,161710177,ARTHUR CASTORIUS,L,XII MIPA 4,24,46
5,161710214,ASYILLA PUTRI ANDJANI BARLI,P,XII MIPA 4,24,46
6,171811301,AZMI NADHRA FASYA,P,XII MIPA 4,24,46
7,161710318,CHRISTIAN REIVAN BANJARNAHOR,L,XII MIPA 4,24,46
8,161710250,DANIEL SEROGA BARA PRAMESTA,L,XII MIPA 4,24,46
9,161710287,DESIREE TARISSA AVIRY,P,XII MIPA 4,24,46
10,161710113,DWIPUTRA SAM MULIA,L,XII MIPA 4,24,46
11,161710320,FADHILAH NUR VALENTINE,P,XII MIPA 4,24,46
12,161710321,FIDA IZZATUROHIM,P,XII MIPA 4,24,46
13,161710083,FIRDA FAHRIANDINI,P,XII MIPA 4,24,46
14,161710013,GAIZKA SINATRIA PINANDHITO,L,XII MIPA 4,24,46
15,161710147,GALIH DIMAS WICAKSANA,L,XII MIPA 4,24,46
16,171811302,HASNA SALSABILA MARYANTO,P,XII MIPA 4,24,46
17,161710295,KARIMA TAUSHIA AHMAD,P,XII MIPA 4,24,46
18,161710326,KEIKO TAMARA NAIBORHU,P,XII MIPA 4,24,46
19,161710053,MARSHYA KAMILA RAHARDIAN,P,XII MIPA 4,24,46
20,161710297,MEISHA REIHANI ADLIN,P,XII MIPA 4,24,46
21,161710189,MELSY ANANDA AGUSTINA S,P,XII MIPA 4,24,46
22,161710128,MUHAMMAD FAKHRI SUNNI,L,XII MIPA 4,24,46
23,161710192,MUHAMMAD FARIS IKHSAN,L,XII MIPA 4,24,46
24,161710094,MUHAMMAD FARIZ FIRJATULLAH,L,XII MIPA 4,24,46
25,161710229,MUHAMMAD KHIDIR,L,XII MIPA 4,24,46
26,161710261,MUHAMMAD NUR ARIF WIBOWO,L,XII MIPA 4,24,46
27,161710195,MUHAMMAD ROFI SHULHAN,L,XII MIPA 4,24,46
28,151610100,NABILA HADINI ZAENUDIN,P,XII MIPA 4,24,46
29,161710061,PASHA AZKIA RAMADHAN,L,XII MIPA 4,24,46
30,161710022,PRIYANKA PUTERI ARIFFIA,P,XII MIPA 4,24,46
31,161710062,QINTHARA HAIFA WIDYADANDA,P,XII MIPA 4,24,46
32,171811303,RAIHAN AHLAN NOOR ATHALLAH,L,XII MIPA 4,24,46
33,161710267,RIVAN FARADI D.,L,XII MIPA 4,24,46
34,161710338,SAFIRA SALMA NADHIRA,P,XII MIPA 4,24,46
35,161710202,SATRIA FAWWAZ NURRASYID,L,XII MIPA 4,24,46
36,161710030,SYAHRAINI ADHIYA LATHIFAH,P,XII MIPA 4,24,46
1,161710278,ALDA SINDHY RAHMANDANTI S.,P,XII MIPA 5,25,46
2,161710105,ALEXIUS RICKY PARDAMEAN,L,XII MIPA 5,25,46
3,161710003,ALIESHA NUR AZZAHRA,P,XII MIPA 5,25,46
4,161710106,ANDI AMEERA SAYAKA CAKRAVASTIA,P,XII MIPA 5,25,46
5,161710212,ARAFAH PUTRA MAHARDIKA,L,XII MIPA 5,25,46
6,161710285,CALLISTA SANDRINE AZALEA SIDIK,P,XII MIPA 5,25,46
7,161710249,DAFFA MUHAMMAD ZUANDI,L,XII MIPA 5,25,46
8,161710110,DIFA SALMADHIA,P,XII MIPA 5,25,46
9,161710111,DINDA SAUMI DESTIANTI,P,XII MIPA 5,25,46
10,161710077,EDRINE FATHARANI FAZA,P,XII MIPA 5,25,46
11,161710114,ELMA VIONITA,P,XII MIPA 5,25,46
12,161710115,FACHRIZA ANDHIKA PUTRA,L,XII MIPA 5,25,46
13,161710116,FAHRA RAGITA MUSYAFA,P,XII MIPA 5,25,46
14,161710223,FARHAN ANUGRAH ,L,XII MIPA 5,25,46
15,161710080,FARREL MUHAMMAD ARKAAN,L,XII MIPA 5,25,46
16,161710146,FULVIAN ZHILLAN ADISENO,L,XII MIPA 5,25,46
17,161710224,HANASALVINA MULYANTO,P,XII MIPA 5,25,46
18,161710046,HERA SHAFIRA,P,XII MIPA 5,25,46
19,161710014,ISMAIL NOER ARDHI,L,XII MIPA 5,25,46
20,161710017,MOCHAMAD DHAFIN ATHARAHMA Z.,L,XII MIPA 5,25,46
21,171811304,MOHAMAD DAFFA PUTRA UTAMA N.,L,XII MIPA 5,25,46
22,171811305,MUHAMMAD GHILMAN GHIFARI,L,XII MIPA 5,25,46
23,161710262,MUHAMMAD RAFI ADIPUTRA,L,XII MIPA 5,25,46
24,161710231,NADIA MIRANTI AYUNINGTYAS,P,XII MIPA 5,25,46
25,161710331,NAJMA ASSHIDDIQUE,P,XII MIPA 5,25,46
26,161710095,NAUFAL DANESWARA,L,XII MIPA 5,25,46
27,161710097,NUKE ASHILAH AFKAR,P,XII MIPA 5,25,46
28,161710236,QINTHARA ANDARI SAFFANAH,P,XII MIPA 5,25,46
29,161710304,QINTHARI RIZKY AYU,P,XII MIPA 5,25,46
30,161710098,R VIDANYA PRIYANKA HAFIDZH,P,XII MIPA 5,25,46
31,161710023,RADEN RORO PUTRI RADITYASARI,P,XII MIPA 5,25,46
32,161710102,RANA NOOR FAKHIRA SIREGAR,P,XII MIPA 5,25,46
33,171811306,ROYAN DEPUTRA,L,XII MIPA 5,25,46
34,161710309,SABINA MARITZA ALVA PUTRI,P,XII MIPA 5,25,46
35,161710310,SABRINA ANINDYA LAKSMI,P,XII MIPA 5,25,46
36,161710029,SHAFIRA FADILA UTAMI,P,XII MIPA 5,25,46
1,161710313,AFINA ZAHRAH DAMAYANI,P,XII MIPA 6,26,46
2,161710174,AKMAL FADEL IZDAURRAIHAN,L,XII MIPA 6,26,46
3,161710279,ALVAN NAUVAL RAHMAT,L,XII MIPA 6,26,46
4,161710004,ALYA DYAH CAHYANING MAHARANI,P,XII MIPA 6,26,46
5,161710245,AMANDA MIRASHERLY P.,P,XII MIPA 6,26,46
6,161710107,ARSY AMARYLLIS ALMATIN,P,XII MIPA 6,26,46
7,161710040,ARYA TEJA SUKMANA,L,XII MIPA 6,26,46
8,161710217,BAYU BAIHAQI ,L,XII MIPA 6,26,46
9,161710141,BETA BHEKTI PRATIWI,P,XII MIPA 6,26,46
10,161710219,CLARISHA HANANDYA PUSPITADEWI,P,XII MIPA 6,26,46
11,161710288,DESTA NARANTOKO,L,XII MIPA 6,26,46
12,161710042,DHEA FITRIANI NUR HAMIDAH,P,XII MIPA 6,26,46
13,161710222,FACHRI ZULFIKAR WILHAM GINTING,L,XII MIPA 6,26,46
14,161710144,FADHLAN DIRA WAGARASUKMA,L,XII MIPA 6,26,46
15,161710079,FARADINDA RAMADHIAN HAKIM,P,XII MIPA 6,26,46
16,161710082,FIKRY HAERUSULISTIO DIREZA,L,XII MIPA 6,26,46
17,161710255,GHEFIRA NASYA NURHALIZA,P,XII MIPA 6,26,46
18,161710322,GIAFANI ANISTYA AYUASTATI,P,XII MIPA 6,26,46
19,161710184,GREGORY KAREL MISAEL,L,XII MIPA 6,26,46
20,161710049,IDA BAGUS RADITYA AVANINDRA M.,L,XII MIPA 6,26,46
21,161710258,JACKRIST DWIERSI ROOMAN S.,L,XII MIPA 6,26,46
22,161710296,KATRIN MARWAH,P,XII MIPA 6,26,46
23,161710152,LUTHFIYAH DAMAYANTI,P,XII MIPA 6,26,46
24,161710125,MILZAM KHOIRUL BASITH,L,XII MIPA 6,26,46
25,161710191,MUHAMMAD FADHILAH SIDIK,L,XII MIPA 6,26,46
26,161710096,NISRINA SITI ZAHRA,P,XII MIPA 6,26,46
27,161710157,NURRAHMI FADILA KINTANI,P,XII MIPA 6,26,46
28,171811307,POETRY RACHMEILIA UTAMI,P,XII MIPA 6,26,46
29,171811308,RAIHAN RAMADHAN MIRNANDA,L,XII MIPA 6,26,46
30,161710161,RAISSA DEVI AMADEA,P,XII MIPA 6,26,46
31,161710335,RIFKY FARIZ FAUZAN,L,XII MIPA 6,26,46
32,161710268,SALSABILA NURALIFIANTI D.,P,XII MIPA 6,26,46
33,161710134,SARAH CAMELA FADLILAH,P,XII MIPA 6,26,46
34,161710344,TALITHA RATNA AFIYAH,P,XII MIPA 6,26,46
35,161710034,VINI PRASASTI ASSHAFAH TAN,P,XII MIPA 6,26,46
36,161710170,WELYA PUTRI,P,XII MIPA 6,26,46
1,161710209,ADISHA HANIFA EWATA,P,XII MIPA 7,27,46
2,171811309,ALIVA TSABITAH,P,XII MIPA 7,27,46
3,161710071,AMEERA EKA FITRI,P,XII MIPA 7,27,46
4,161710074,AULIA KINAMULEN,P,XII MIPA 7,27,46
5,161710178,AYUBELLA ANGGRAINI LEKSONO,P,XII MIPA 7,27,46
6,171811310,CHIKA KHAERANI MUTIARA,P,XII MIPA 7,27,46
7,171811311,DAFFA BARIN TIZARD RIYADI,L,XII MIPA 7,27,46
8,161710253,FAHIRA MEVIANA AZAHRA,P,XII MIPA 7,27,46
9,161710078,FAKHRY MUHAMMAD KHOIRI,L,XII MIPA 7,27,46
10,161710290,FARHAN ARSY WAHYU WIBOWO,L,XII MIPA 7,27,46
11,161710081,FATHIYYA MAGHFIRAH TEDDY,P,XII MIPA 7,27,46
12,161710012,FAUZAN PAHLEVI,L,XII MIPA 7,27,46
13,171811312,HASFI JAYA PRAWIRA,L,XII MIPA 7,27,46
14,161710185,HILBRAN BYANTORO,L,XII MIPA 7,27,46
15,161710186,HILMI HAKIM,L,XII MIPA 7,27,46
16,161710225,IBTIHAL HANIAH GUSTON,P,XII MIPA 7,27,46
17,161710268,IZULHAQ LUKMANUL HAKIM,L,XII MIPA 7,27,46
18,171811313,KAYLA RAYYAN DARANYA,P,XII MIPA 7,27,46
19,161710151,KHALID NUR NUGRAHA,L,XII MIPA 7,27,46
20,161710052,LENTERA ILMA,P,XII MIPA 7,27,46
21,161710329,MOHAMMAD FAUZIYYANUL HAQ,L,XII MIPA 7,27,46
22,161710298,MUH. RAFLI HANAN MAHENDRA,L,XII MIPA 7,27,46
23,161710299,MUHAMAD HASBI ISLAHI AZAM,L,XII MIPA 7,27,46
24,161710156,MUHAMMAD DIKA NUGROHO,L,XII MIPA 7,27,46
25,161710057,MUHAMMAD FURQON,L,XII MIPA 7,27,46
26,171811314,MUHAMMAD SANDI PUTRA PRATAMA MASO,L,XII MIPA 7,27,46
27,161710129,NADHIRA RANADHIYAVASHTI,P,XII MIPA 7,27,46
28,161710099,RAFA KHOLIDA SRIYANTO,P,XII MIPA 7,27,46
29,161710131,RAHMA ZAIMA,P,XII MIPA 7,27,46
30,161710025,RONGGUR MAHENDRA WIDYA PUTRA,L,XII MIPA 7,27,46
31,171811315,SALMA PRATIWI ABE,P,XII MIPA 7,27,46
32,161710203,SHOFIA,P,XII MIPA 7,27,46
33,161710205,SYIFA HANIFAH,P,XII MIPA 7,27,46
34,161710273,SYLVA LISTYA RIZIEQA,P,XII MIPA 7,27,46
35,161710032,UTIH FADILLAH SALSABILA,P,XII MIPA 7,27,46
1,161710173,AISYAH SYAHRANI,P,XII MIPA 8,28,46
2,161710037,ANISA NABILAH OKTARIANI,P,XII MIPA 8,28,46
3,161710176,ARIANI INSYIRAH,P,XII MIPA 8,28,46
4,161710072,ARIQ ARKHAN HARYANTO,L,XII MIPA 8,28,46
5,171811316,AZKA ILMAN SUKARDI,L,XII MIPA 8,28,46
6,161710216,AZZAM HASYIM,L,XII MIPA 8,28,46
7,161710179,DANIYA FATHIYA,P,XII MIPA 8,28,46
8,161710221,DENIS FACHRIYAN,L,XII MIPA 8,28,46
9,161710143,DIVA BALQIS AZZAHRA,P,XII MIPA 8,28,46
10,171811317,EKA PANJI NURCAHYO,L,XII MIPA 8,28,46
11,171811318,FARHAN AFDHALUL IHSAN,L,XII MIPA 8,28,46
12,171811319,FARIH MUWAFFAQ,L,XII MIPA 8,28,46
13,161710292,GAIZCA BETHA BIANCA,P,XII MIPA 8,28,46
14,161710183,GEAVANI MEIDINISA SETIADI,P,XII MIPA 8,28,46
15,161710086,HELMI FADHIIL,L,XII MIPA 8,28,46
16,161710087,HILYA NADHIRA IMAN,P,XII MIPA 8,28,46
17,161710047,HISYAM SUKMANA HARUN,L,XII MIPA 8,28,46
18,161710088,ILHAM ABDUSSALAM MAZAYA,L,XII MIPA 8,28,46
19,161710187,IRA AURA ISLAMI,P,XII MIPA 8,28,46
20,161710089,IRVIN ANDRYAN PRATOMO,L,XII MIPA 8,28,46
21,161710228,MAISA INAYAH AGNA,P,XII MIPA 8,28,46
22,161710093,MICIA ZAPUTI ROHIMAH,P,XII MIPA 8,28,46
23,161710190,MONICA FITRIANI PURBA,P,XII MIPA 8,28,46
24,171811320,MUHAMAD LUQMAN ADDURA,L,XII MIPA 8,28,46
25,161710155,MUHAMMAD AGYS RIEFNUANDI,L,XII MIPA 8,28,46
26,161710196,NAFLA ALIYA FAHIMA,P,XII MIPA 8,28,46
27,161710233,NANDA ASSYIFA APRILIANA,P,XII MIPA 8,28,46
28,161710237,QORI JAYANTI PERTIWI,P,XII MIPA 8,28,46
29,161710306,RAFI MUSTHAFA,L,XII MIPA 8,28,46
30,171811321,RAGIL GILANG MAULANI,P,XII MIPA 8,28,46
31,161710100,RAISSA FATTYA,P,XII MIPA 8,28,46
32,161710200,RAIZA HANNIFAH,P,XII MIPA 8,28,46
33,161710270,SANTIKA DEVI PERMATA,P,XII MIPA 8,28,46
34,161710027,SAYYID HIRZI HASHURO,L,XII MIPA 8,28,46
35,161710206,TSABITA PHARAMA HUSNA,P,XII MIPA 8,28,46
36,161710207,YASMIN VIRA NUGRAHENY,P,XII MIPA 8,28,46
1,161710312,ABDUL AZIZ,L,XII MIPA 9,29,46
2,161710104,ABHINAYA RAMADHIKKA,L,XII MIPA 9,29,46
3,161710211,ALIF AKBAR MUHAMMAD ISRA,L,XII MIPA 9,29,46
4,161710315,ALYA FATHARANI FAUZIA,P,XII MIPA 9,29,46
5,161710280,ANGELA GABRIELLA MARTHAULINA,P,XII MIPA 9,29,46
6,171811355,ARIA PRIMA WIRATAMA,L,XII MIPA 9,29,46
7,161710282,ARIA ZAKKI NAZHIRI,L,XII MIPA 9,29,46
8,161710246,AULIA ADILA,P,XII MIPA 9,29,46
9,171811322,AURORA ESTHI AMIRA,P,XII MIPA 9,29,46
10,161710215,AZHRA AUFAHADI YASIK,L,XII MIPA 9,29,46
11,161710145,FARHA LUZAIMIA RAHMAN,P,XII MIPA 9,29,46
12,161710254,GABRIELLA PRISCILLA ANGGIA S.,P,XII MIPA 9,29,46
13,161710085,GREGORIUS ARIYO KRESNADHI,L,XII MIPA 9,29,46
14,161710148,HAFIZH ARADHANA HARIMURTI,L,XII MIPA 9,29,46
15,161710149,HILMY NUR HIDAYAT,L,XII MIPA 9,29,46
16,161710048,HURIN ZAHIRA IBRAHIM,P,XII MIPA 9,29,46
17,161710123,KHADIJAH FATHYA KHAIRUNNISA,P,XII MIPA 9,29,46
18,161710327,M. HAFIZD AQILA,L,XII MIPA 9,29,46
19,161710154,MOHAMMAD SATRIA DWIKUSUMA,L,XII MIPA 9,29,46
20,161710055,MUCHAMMAD FATHURRAHMAN A.,L,XII MIPA 9,29,46
21,161710300,MUHAMMAD AZHIMAN PRIHADI,L,XII MIPA 9,29,46
22,161710301,MUHAMMAD HAEKAL AZARIANSYAH,L,XII MIPA 9,29,46
23,161710302,MUHAMMAD HAYKAL ALDJOEFRY,L,XII MIPA 9,29,46
24,161710263,NADILLAH MATHNI KHOIRANI,P,XII MIPA 9,29,46
25,161710232,NADINE ANNISA FAUZI,P,XII MIPA 9,29,46
26,171811323,NYDIA RAHMAH,P,XII MIPA 9,29,46
27,161710199,OTNIEL ADI LAKSANA,L,XII MIPA 9,29,46
28,161710101,RAISSA NUR PUTRI,P,XII MIPA 9,29,46
29,161710201,REINARA SWASTI JOELIANTO,P,XII MIPA 9,29,46
30,161710240,RUTH TARULI STEPHANI RAJAGUKGUK,P,XII MIPA 9,29,46
31,161710337,SAFIRA ATYA ISKANDAR,P,XII MIPA 9,29,46
32,181912358,SALSABILA RISKY FIBRIANTI,P,XII MIPA 9,29,46
33,161710339,SHAFFIRA ALYA MEVIA,P,XII MIPA 9,29,46
34,161710166,SHAFINA PUTRI KAMILA,P,XII MIPA 9,29,46
35,161710342,SYAH PUTRA MARULI TUA S.,L,XII MIPA 9,29,46
36,171811324,VAQIHA ARSYUNDINI MANTHIQ A.,P,XII MIPA 9,29,46
1,161710210,ALFARI IHSANU RIZAL,L,XII MIPA 10,32,46
2,161710140,ARIFIA ZAHRA KEANHU,P,XII MIPA 10,32,46
3,161710213,ARJUN FARIZ USNA,L,XII MIPA 10,32,46
4,161710108,AYESHA NATHANIA FAIZAL,P,XII MIPA 10,32,46
5,161710076,DEA ANFI LAZARITSA,P,XII MIPA 10,32,46
6,161710251,DWI NUR TRIHARSIWI,P,XII MIPA 10,32,46
7,161710010,FADILLAH AZHAR DEAUDIN K.,L,XII MIPA 10,32,46
8,161710117,FAISHAL ZHARFAN,L,XII MIPA 10,32,46
9,161710291,FARIZ MUHAMMAD RASYID,L,XII MIPA 10,32,46
10,161710118,FASYA PRASTIWI,P,XII MIPA 10,32,46
11,161710293,GEMINTANG SANGKAJI FURQON,L,XII MIPA 10,32,46
12,161710256,GRATIA NINDYARATRI,P,XII MIPA 10,32,46
13,161710121,HAYA SHABRINA EKA PUTRI,P,XII MIPA 10,32,46
14,161710294,IN'YA YURI ATASI,P,XII MIPA 10,32,46
15,161710257,ITSNANI DZATKI HANIFAH,P,XII MIPA 10,32,46
16,161710226,KARINA PUTRIANI AZZARA,P,XII MIPA 10,32,46
17,161710015,KEMAL RIZKY FADLURROHMAN,L,XII MIPA 10,32,46
18,161710124,LUTHFIYYAH ANDINI PURNOMO,P,XII MIPA 10,32,46
19,161710193,MUHAMMAD NIZAR MAULANA,L,XII MIPA 10,32,46
20,161710020,MUHAMMAD SATRIYO,L,XII MIPA 10,32,46
21,161710234,NANETTE ALIYAZAHRA,P,XII MIPA 10,32,46
22,161710465,NATHANAEL BIMO PRIYOGODO,L,XII MIPA 10,32,46
23,161710307,RANIA ALIFAH,P,XII MIPA 10,32,46
24,171811325,RANIA EMYRA DERAJAT,P,XII MIPA 10,32,46
25,171811326,RANINDYA KHAIRUNNISA,P,XII MIPA 10,32,46
26,161710132,RIDWAN MUHAMMAD SYAHRUL,L,XII MIPA 10,32,46
27,161710336,RYUTARI YASYA,P,XII MIPA 10,32,46
28,171811327,SAMMIAJI PRAWIRA NURIANSYAH,L,XII MIPA 10,32,46
29,171811328,SERANTI NINAN NURY,P,XII MIPA 10,32,46
30,161710340,SHAHNAZ NUR BERLIANI,P,XII MIPA 10,32,46
31,171811329,SHARFINA ANNISA SALSABILA,P,XII MIPA 10,32,46
32,161710274,TAZKIA MULYA SALSABILA,P,XII MIPA 10,32,46
33,161710136,TSAMARAH AHSANUL HAFIZHAH,P,XII MIPA 10,32,46
34,161710069,WILLIAM STANLEY,L,XII MIPA 10,32,46
35,161710172,YUMNA KAMILA,P,XII MIPA 10,32,46
36,161710138,ZAHRINA DIANATI SYAHIDAH,P,XII MIPA 10,32,46
1,161710347,A. MUHAMMAD EPUL HERMAWAN,L,XII IPS 1,30,46
2,161710348,ADINDA PUSPA PUTRI NIRMALA,P,XII IPS 1,30,46
3,161710349,ADRIEL RAZAQA IMAN,L,XII IPS 1,30,46
4,161710350,ART TRIANTI DODIH,P,XII IPS 1,30,46
5,161710352,AZUURA SHEILAREGITA HENTRIASARI,P,XII IPS 1,30,46
6,161710353,CINTIANA OKTAVIANE,P,XII IPS 1,30,46
7,161710007,DENISE YULIANE HELENA MAMORA,P,XII IPS 1,30,46
8,161710354,ERVIENA MARTIN AURA ANNAFI'A,P,XII IPS 1,30,46
9,161710356,FARREL ARMANDIO TANGKAS,L,XII IPS 1,30,46
10,161710084,GHAZI HIRZI HANISSI,L,XII IPS 1,30,46
11,161710357,LAMBOK SURYAATMADJA,L,XII IPS 1,30,46
12,161710016,LEVITA WARISTINA,P,XII IPS 1,30,46
13,171811330,MOCHAMAD ARYA DWIPUTERA,L,XII IPS 1,30,46
14,161710358,MOHAMAD FARHAN,L,XII IPS 1,30,46
15,171811331,MUHAMMAD FADHIL,L,XII IPS 1,30,46
16,161710359,MUHAMMAD HANIF,L,XII IPS 1,30,46
17,161710360,MUHAMMAD RAFIUDDIN AKBAR,L,XII IPS 1,30,46
18,161710019,MUHAMMAD RAIHAN RAMADHAN,L,XII IPS 1,30,46
19,161710361,NATASYA PUTRI ARDHANI,P,XII IPS 1,30,46
20,161710362,NITA NUR SHOLEHAH,P,XII IPS 1,30,46
21,161710363,RABIA ADAWIYYA,P,XII IPS 1,30,46
22,161710364,RADITYA ALMURICHA,L,XII IPS 1,30,46
23,161710365,SALSA MAULIDA SOFYANDI,P,XII IPS 1,30,46
24,161710366,SITI GISKASHAFA KHAERUNNISA,P,XII IPS 1,30,46
25,171811332,TEDIANY DWI AMIRANTI,P,XII IPS 1,30,46
1,161710367,ADISTI NUR RIZKY OKTAVIANI,P,XII IPS 2,31,46
2,161710368,ADRIEL BARRAN,L,XII IPS 2,31,46
3,161710369,ANGIE SUCI NURHALIZA,P,XII IPS 2,31,46
4,161710218,CHADIJAH R. ADAWIYAH,P,XII IPS 2,31,46
5,161710180,DANIYA KHOERANI NADHILAH,P,XII IPS 2,31,46
6,161710142,DIANA MARCHELLA,P,XII IPS 2,31,46
7,161710372,FAJRY AWWALIYAH PRAPTIWI,P,XII IPS 2,31,46
8,161710373,FARREL MEIZAR GRIBALDI GAFFAR,L,XII IPS 2,31,46
9,161710374,HESTI AULYA NISFULAILA,P,XII IPS 2,31,46
10,161710150,IRENA NUR SYAMSI,P,XII IPS 2,31,46
11,161710375,MARVELIA PENTA SURJA,P,XII IPS 2,31,46
12,161710376,MIFTAH DARWIN GAHARA,L,XII IPS 2,31,46
13,161710377,MOHAMMAD NAUVAL ILHAM R.,L,XII IPS 2,31,46
14,161710378,MUHAMMAD AKMAL AMPUH A.,L,XII IPS 2,31,46
15,161710379,MUHAMMAD FAREEKA,L,XII IPS 2,31,46
16,161710380,MUHAMMAD RAIHAN,L,XII IPS 2,31,46
17,161710456,NAGIA JASMINE SUMANTRI,P,XII IPS 2,31,46
18,161710457,R. RIZQ AHMAD TAEBAN,L,XII IPS 2,31,46
19,161710458,RITA PURWANINGSIH,P,XII IPS 2,31,46
20,161710459,TARISA AQIILAH HAMIDAH,P,XII IPS 2,31,46
21,161710460,"TJIA, ALPHANI ANUGERAH PUTRI",P,XII IPS 2,31,46
22,161710461,VANI ANTIKA AGUSTINA,P,XII IPS 2,31,46
23,161710462,WIWIT NUR AFRILINA,P,XII IPS 2,31,46
24,161710242,ZAHRAA BERLIANA SALSABILLA,P,XII IPS 2,31,46
25,161710463,ZALFA MELLYNDA NURSANI,P,XII IPS 2,31,46
